Continent,Country,Province,Data Start Date,MAPE,Infection Rate,Median Day of Action,Rate of Action,Rate of Death,Mortality Rate,Rate of Mortality Rate Decay,Internal Parameter 1,Internal Parameter 2,Jump Magnitude,Jump Time,Jump Decay,Internal Parameter 3
Asia,Afghanistan,None,2021-03-01,0.12489762413089524,4.5876464574443085,-301.8381801477711,0.3217606558372685,0.21390608429611488,0.08285251007142848,0.36151576937443974,0.9587439716939522,0.051081015273199304,0.0636454562411079,-2.800932960262484,6.408057903314799,0.0026446775972685937
Europe,Albania,None,2021-03-01,0.09822126071477028,0.3671543604847064,-18.2195342552418,1.3598338760345303,0.2455025451597822,0.0203620134085499,-0.0757967315731987,0.9023138468260484,0.7065449206987416,0.5635782179335661,0.984599971256914,199.99985626783035,0.1618357420136122
Africa,Algeria,None,2021-03-01,0.06267579808898671,0.19606308104452888,13.966817861956663,2.6353896009250164,0.4721928723723982,0.02142302645369719,-0.6527049408621729,2.3366423868076858,1.6311642475171424,2.617071325984445,43.50071473022216,14.856131753182542,0.008300596147446354
Europe,Andorra,None,2021-03-01,0.26663938681172106,0.6453049355243374,2.8584786801370963,1.0492680692481282,0.19994443212786117,0.005793258727265452,-0.18780789656097657,1.45513042088178,0.0004390247209613424,1.6766519536436555,18.97725321366332,200.0883166125078,0.15627442762310612
Africa,Angola,None,2021-03-01,0.6654986633603275,0.164094514677647,2.801695160325918,0.0024552546253790997,0.5248614303995324,0.012722571785089898,-0.2006796738160572,2.4457718059809537,0.1789220298343405,2.0008813815685023,13.455124451037134,76.89249081774504,0.0739741505311221
North America,Antigua and Barbuda,None,2021-03-01,0.44225979301503326,0.4161859185503457,-20.537007813603843,2.0156492049333363,1.0,0.029253966470205187,0.04786236380194659,1.852874439252098,2.926829005545084e-08,3.6523013231094983,30.546578784963604,1.9343995082478533,0.46146464980624463
South America,Argentina,None,2021-03-01,0.3249230432951552,0.3078149115039895,48.30771077511076,0.04314910661184508,0.04460773469646774,0.016494622968854372,-0.25363784049853066,0.41476888564097003,0.056299498458129274,1.2486073628877163,31.814588303086293,17.03288540880832,0.38029180331686907
Asia,Armenia,None,2021-03-01,0.07800119506499398,0.4619832998907253,9.980317666507965,1.0289439897710813,0.0696423145297687,0.0291693795395591,0.1330172351033175,1.3875192467543902,1.1386985187972605,0.5980208040516897,-8.006575319599529,76.34958847128742,0.0308761028383691
Oceania,Australia,Australian Capital Territory,2021-03-01,2.4193548387096766,0.0,-0.8940616976210204,9.274332900934452,0.020000000000000004,0.0010000000000000009,0.2509538528545413,0.0,0.0,0.6906934846819339,-4.196429418174866,1.0,0.0
Oceania,Australia,New South Wales,2021-03-01,0.1508887600534642,1.0823282110014472,-55.991929408997656,0.6503544707746155,0.020000000000000004,0.0010000000000000009,1.6646589202990367,2.289183137777558,17.19676228594826,0.311740693579554,39.31989588944785,11.244235105081525,0.0074463076610057355
Oceania,Australia,Queensland,2021-03-01,0.7272091712762443,3.0647773312912276,1.8080689565627452,5.515849701328924,0.06769201354349225,0.0037458054883126313,-0.9427522498776272,1.6005120370892332,25.088951054683434,6.203016911493734,80.90227205583827,5.304976297661706,0.0008489165385774378
Oceania,Australia,South Australia,2021-03-01,0.7036720074778365,0.455391753695794,3.0025360156726624,1.0151889398387346,0.020000000000000004,0.0010000000000000009,1.0843925798415943,4.366518512298271,0.006867615613009359,1.7042925024050022,40.73864252944414,5.3769271593300525,0.04127466333445008
Oceania,Australia,Tasmania,2021-03-01,0.0,1.0924682328184985,17.54750436739425,2.769670107288234,0.77831852102241,0.0010000000000000009,-0.0195612502581548,0.0,0.0,0.89662335083151,-100.0,1.7983223154843344,0.0
Oceania,Australia,Victoria,2021-03-01,0.12321879103361258,0.0,0.0,0.0,1.0,0.0010000000000000009,6.0177799937447,0.0,0.0,0.0,85.0,1.0,0.0
Oceania,Australia,Western Australia,2021-03-01,0.30972925972295196,0.12915498267876308,-6.834421715977722,2.1319883850623698,0.020000000000000004,0.0010000000000000009,0.6573561474856658,6.449350251048254,2.122006925503913,4.39603411650571,32.26329544089454,15.286549807026086,0.0348226168825468
Europe,Austria,None,2021-03-01,0.05563314001954883,0.30910039400049233,-0.6104014130015897,0.00015955134328163312,0.04681343782444358,0.019844384293730963,0.6327446496408454,1.1178062379403615,0.8166699395907231,0.7332318223198488,5.676185008545548,26.2577122204969,0.12940834472128793
Asia,Azerbaijan,None,2021-03-01,0.061620679257190725,1.8710719453647071,-5.656940256476216,2.3103733056292675,0.10126217215326208,0.028380496140045036,0.3945408309170442,1.9523530658617467,2.346925593970964,0.1399616295206869,19.766046330155593,17.016702375178618,0.004840392909741059
Asia,Bahrain,None,2021-03-01,0.2923867114831645,0.6485100855468767,-1.5680102760652992,0.10627427483296381,1.0,0.002807533486118008,-0.4208993345691491,0.004024868973580356,1.3235606231915515,2.9316497320769104,81.81019646359137,10.1348855630699,0.036070928424198775
Asia,Bangladesh,None,2021-03-01,0.1461788836218474,1.0180602133753658,18.365385464489005,2.5968086719597427,0.09986164802895445,0.01341229088874317,-0.30406911205848164,2.9474822153705897,0.63853449236829,1.059358158942359,72.63759327237982,3.0194176984322323,0.0004179073951350448
North America,Barbados,None,2021-03-01,0.7185843148343709,0.27501614330639673,6.449077368728215,0.0,0.09429252490048125,0.019604960800619325,0.8429394666323541,1.0223495748901397,8.876220263667083,1.5361985467021926,1.4233130621959653,2.3857017710893693,0.014342694898363345
Europe,Belarus,None,2021-03-01,0.049835732335621406,0.3693103821451074,-9.00298407321269,0.15984518021064015,0.09242476663686618,0.008018055181439304,-0.0331787281454497,0.5383805559186816,0.36745973580695596,0.3516731466793446,51.689110417776284,52.86612446334825,0.14914551917862043
Europe,Belgium,None,2021-03-01,0.0766091565094369,0.4884244939422308,-104.02474384950708,0.0,0.0390635074520129,0.0261298449010008,0.8495563164508795,2.125175151332812,1.4573936452202958,1.3550539689462238,11.364763505587248,2.1874453348134884,0.05149713259490521
North America,Belize,None,2021-03-01,0.0713298241056731,1.1012178300258613,-2.03478041637081,2.0530600656991442,0.44507596929696525,0.014213105909405124,-0.697048674564366,0.4954557701413638,1.8610043352470962,4.403638198908432,41.57181691340306,1.3048786530926135,0.0029226416780066267
Africa,Benin,None,2021-03-01,0.4184552726090387,0.7408272785481911,-114.2872846119115,0.25427699277115734,0.2557720445515494,0.008893627380490432,-0.22143554274317784,1.6918766422444054e-05,0.9840329309241219,0.3096552674222387,-99.97708613891305,53.02818229157037,0.9781059335163147
Asia,Bhutan,None,2021-03-01,4.326842114086604,0.12254658870298205,-0.6597303797522118,1.3293022438702133,0.020000000000000004,0.0010000000000000009,6.12386958280895,0.38323557747915565,0.4454364881604745,9.068242730547409,-25.59821011586999,61.08514175818503,0.0038292807603699935
South America,Bolivia,None,2021-03-01,0.21719239397803686,0.4110178122417032,-1.2908309202044737,5.023413977549909,0.8915554623875817,0.026822436305773578,0.13155826591185216,1.9189639317851448e-07,2.6340704544028757,1.0409297782361542,46.63263818285719,46.56143132563027,0.011820303458510803
Europe,Bosnia and Herzegovina,None,2021-03-01,0.21037606537511627,0.558360640327772,4.066593714213024,1.65391347488122,0.117212662851546,0.04626381687233652,-0.1999368359697432,0.006823774020023654,0.8941753352351227,0.5096326912225001,-13.622993499497117,56.06589793329141,0.16307108493060643
Africa,Botswana,None,2021-03-01,0.6562094635271258,0.2398070064779589,12.351731342964685,5.845743302316298,0.16501441071002043,0.03190124137406791,0.4399422689031022,0.47770425789815346,0.45898866235137536,1.2074465338492606,37.51651004452735,60.1970062790907,0.25372831428381953
South America,Brazil,None,2021-03-01,0.19359647038376288,0.4382859251959081,-39.42154242206732,2.111577484028786,0.043300259184311476,0.06564681494501975,0.41777900544292484,1.6742224328400679,0.697618302316885,0.8819376232519774,49.059234892809194,153.2080938698427,0.054339205499506424
Europe,Bulgaria,None,2021-03-01,0.12157924174993359,1.4933095198815816,-66.94057829905721,0.6007385744905478,0.05933153494470342,0.035352190938117284,-0.10219241179568553,0.5828870092601053,0.0,0.13337157398155475,5.715611266175725,12.372349518429667,0.8136617112473078
Africa,Burkina Faso,None,2021-03-01,0.338981493972885,0.038320474778957545,-3.2138098269483693,1.164156272417439,0.020000000000000004,0.022069381233259813,-0.277990876708509,4.220899546743324,0.3901851977619458,8.692725110792702,-14.859925827126993,85.69064780688058,0.028982114036340045
Africa,Burundi,None,2021-03-01,3.606658652677606,0.21657352816066125,1.901319379191011,1.2834662657649756,1.0,0.002350276830965378,4.942854890132336,0.31049742057436,0.0,1.6261614398559354,-12.661650452067082,73.50366804090514,1.2641991123047083
Africa,Cabo Verde,None,2021-03-01,0.5186397735681052,0.5563139948008308,-5.964192129313458,1.1608182236822209,0.9986169657982503,0.012997275118931909,0.33430122771847237,8.418946548611387,2.386884661316691,0.8587973678903635,39.828120597535964,26.92571071891789,0.016898934428536752
Asia,Cambodia,None,2021-03-01,1.798356660426286,0.8725809168661895,4.151412159390775,2.492669912310375,0.8,0.017637613912905678,0.6172089585356593,1.7209499283650007,2.2421800015862643,0.644107378081515,36.44509984712365,18.518689791992692,0.035939614847798826
Africa,Cameroon,None,2021-03-01,1.1275961149332874,2.87182337478112,-58.51865295432956,1.3203701308732574,0.6335246674402547,0.01265793709282935,-0.21647976561835233,1.6709913608912246,2.7416131447183516,0.2107375214383403,9.718401661479785,5.180803139050359,0.013939025124749496
North America,Canada,Alberta,2021-03-01,0.14382946477781788,0.4700956745903689,1.3717133725010773,0.6362143141091219,0.17202234945431066,0.030751297840635933,6.247265238767278,1.3209428162548562,1.5286662023844744,0.7635105593690813,41.19340914154814,33.29912664939031,0.04307951935311123
North America,Canada,British Columbia,2021-03-01,0.2833128306756103,0.4315817958967715,1.1833525177128252,0.19285402375121244,0.02022885034041788,0.020222673677960698,1.7393187011707216,0.05728189511768657,0.8147300861824663,0.7023387366210282,24.904404785874657,5.393181731875006,0.3385911071548005
North America,Canada,Manitoba,2021-03-01,0.16543920106879656,0.1769789604345585,-40.32333681722118,0.0,0.2112220465135572,0.027649966910720428,0.8812418362502183,2.4823338557106065,0.00135664207127989,2.5580174410031717,79.0590635429893,58.528260615363095,0.05490814540314423
North America,Canada,New Brunswick,2021-03-01,0.9948102842092276,0.5871419513625056,-0.7864291979527888,0.29092327450768285,0.020260146678674637,0.033537709387283426,-0.3412172640925608,0.0003948893295746547,0.1956494963495146,0.2266845110453759,-56.46023021891945,1.6430107014980422,0.9283586132941498
North America,Canada,Newfoundland and Labrador,2021-03-01,0.485712339681392,0.1714175432822526,1.6438409074560905,0.05611978497609349,0.020000000000000004,0.0010000000000000009,-0.7975616692460274,0.6946771440127963,1.2484179003605558,2.2701738073780904,38.3751706677013,45.038104296213156,0.0064933485608370395
North America,Canada,Nova Scotia,2021-03-01,1.2716130954258684,0.4499110916140566,-1.4544669557253593,0.10632449586590895,0.03844189579518814,0.0267817285722311,0.9539494791517404,0.05495929519659587,8.474738050056853,5.481494333864644,51.259344553169754,3.0173363354668035,0.01017256100634814
North America,Canada,Ontario,2021-03-01,0.15890873761230048,0.26405055779079645,-0.4100255502672326,0.23353964214431258,0.03898733752135937,0.022014099269316467,0.7551033597949455,2.338340780823964,1.2104180914479135,1.3457233373346407,27.69285393483505,20.410353900481113,0.04200965193715141
North America,Canada,Quebec,2021-03-01,0.042037001553361375,0.699032367065441,3.0705227137536917,0.4351757337159914,0.029613020513025334,0.06944167098859372,4.442152736466353,0.0,1.1280066970245866,1.2495156190542636,76.16629108830962,2.498928984635318,0.02579796973906208
North America,Canada,Saskatchewan,2021-03-01,0.30237035706179055,0.4024207094421159,-1.0323832800395647,0.35854085927997875,0.03219364022998365,0.009085991837620808,0.05637465114731381,0.0,0.11552635348501251,0.5384860162776879,10.03304745909569,74.54265645232033,1.1505700908409122
Africa,Central African Republic,None,2021-03-01,0.7070188436171801,1.7713692712437443,-39.17275215286306,0.6865644499157493,1.0,0.028706985481041045,0.30984941309977027,0.7857852349484672,18.574872912124675,1.6740028162042975,21.27781218926817,1.57503159873022,0.0036741959876933628
Africa,Chad,None,2021-03-01,0.24289478697080025,0.2909919432710882,31.771596053768956,0.0,0.0936449060003733,0.05275702596245757,1.0788545900861224,0.1912133779135967,1.1765431539311142,0.7584499567715981,-45.7233360907037,5.928816874994709,0.5095141196873901
South America,Chile,None,2021-03-01,0.14491215613146824,0.09707243975113315,303.5206252676252,2.6931618302477673,1.0,0.010203897782409321,-1.0,3.679960563334841,0.8197768390122733,2.6656394676347985,-0.008936584592717295,71.42861513533924,0.02278236071925996
South America,Colombia,None,2021-03-01,0.12620472205385763,0.8418255796975417,-0.34362160271320885,0.41618006692067844,0.0846157671071181,0.02694527783438269,-0.07255810755739744,1.541393725079665e-05,0.15895025145388744,0.08820553553182509,15.121882756544599,36.33036876904494,0.0645630375518324
Africa,Comoros,None,2021-03-01,0.1175841648628681,0.7820925168356457,-2.802949525801089,3.3380810068786286,0.3921411100765735,0.0023765793117696,3.806660107844772,0.0802610208719645,3.4629641700034686e-06,2.8640936224543587,29.50320412848088,1.8904680852086773,1.6343471298434311
Africa,Congo (Brazzaville),None,2021-03-01,0.7685481062321684,0.2965031622846361,-38.133684834168015,1.172101895517213,0.0919806445775045,0.012410878325296401,0.2653734279197424,1.2312135121734795,4.826857706585752e-08,1.5106144676123845,-10.22367602492356,63.41140143005155,0.119925289238825
Africa,Congo (Kinshasa),None,2021-03-01,0.09615095157871931,1.9154346196709489,-130.61295265807473,0.6974539897412795,0.3679437716239024,0.0102050941740333,-0.9999999999999992,5.977331923218527,3.9202424486184384e-05,1.6374384460735227,44.38131561340352,1.0,0.019692632806416602
North America,Costa Rica,None,2021-03-01,0.38507899579256477,0.326933981332471,2.4744844063820666,0.0,0.03625006080620681,0.020295501291452106,0.09879877996901376,0.2586052725303455,0.5698531606993222,1.1502159270814833,40.75511307973807,18.00957766468561,0.05767276835832945
Africa,Cote d'Ivoire,None,2021-03-01,0.18298322011277093,0.9217878656306715,-0.07847795354900261,3.059023990700837,0.07097252504979651,0.006697973843782956,-0.25561464095929737,4.90525894939239,1.7640677115011585,0.533768207665316,57.42481721601185,4.155234559732002,0.02826546457183604
Europe,Croatia,None,2021-03-01,0.11724163055491578,0.471096241545296,-315.1562867597814,0.03608381046421333,0.08495617340360874,0.01738101231637537,-0.26647930315707646,0.2624428688734168,0.26073720333390105,1.0336624969036208,14.929632415467811,25.40518198621322,1.6342873210230788
North America,Cuba,None,2021-03-01,0.4058219963658367,0.41779620935473194,15.833620276979048,0.10186021920787827,0.020000000000000004,0.01025055985736352,-0.4581637479682269,0.0,1.3426098739490648,0.3120511148238121,-48.55497901198595,2.277879092430453,0.314927680066468
Europe,Cyprus,None,2021-03-01,0.30934496084959956,0.13590291601902577,-1.1865904494979065,1.809452084772986,0.020113736536122986,0.007343248735438221,0.18957766657819147,2.0411784248494937,0.19777737798796777,4.5620534296022885,34.00740787003737,17.11614763055842,0.30302257063897114
Europe,Czechia,None,2021-03-01,0.05098047806742314,0.3604340231326837,9.619324790855805,1.5552798000759136,0.27679464701064016,0.015797894703609996,-0.7402976279831239,1.8481201035442911,0.8139919796730202,2.0856159520677484,76.53527397317976,49.80523554095525,0.1909754394248239
Europe,Denmark,None,2021-03-01,0.09852930160637902,0.4530485646378379,1.4798376556128778,0.2531777548952786,0.020000000000000004,0.026979677062604623,6.959886943046437,1.1856931636886665,4.563199648769066,0.7625467103146303,85.01166632563061,30.815680967749046,0.016636782257863122
Africa,Djibouti,None,2021-03-01,1.5185259438149084,2.714068328055381,0.1625112129111801,3.2104074318538167,0.08400104106264507,0.012449423247251526,-0.8304551924950729,0.11775417962356026,2.4873090331781538,0.0,33.14471147223519,91.47532384147908,0.06068270791630985
North America,Dominican Republic,None,2021-03-01,0.0977975846821686,0.3087629035405396,-11.006341975667882,4.145135435332158,0.15963176187798955,0.014575048844792007,0.145916393859215,0.8837416468341288,0.26112686768663707,1.357271632645597,57.11713441537639,47.733700495054876,0.03903823207333906
South America,Ecuador,None,2021-03-01,0.25678721410619076,0.3297326358781992,-17.825374336606117,10.283867982473149,0.058443430904623325,0.028147204278080817,-0.3718703981734744,1.0042834215093268,0.06987976541305696,1.1953263871240236,30.15400552128596,105.208913121947,0.10200736836876416
Africa,Egypt,None,2021-03-01,0.05552454302726561,0.3036688308782325,-0.4473602506388412,0.1038879927720792,0.33910913839169987,0.064340442825203,0.06606348636936901,2.1931998179933028,1.5854491970496023,0.5400533043831903,54.562697527720644,27.555788971045853,0.01630961854013449
North America,El Salvador,None,2021-03-01,0.17063555438186728,0.6441274389729941,-20.972583938558053,2.0212497496425024,0.0939087750195029,0.014651384386923802,-0.793748786284603,0.2108907786409724,9.843487136507179e-11,0.4570160924478606,36.3857880498682,39.71301243842151,0.3781792877362169
Africa,Equatorial Guinea,None,2021-03-01,0.447664697071709,2.3148694195669113,1.6008593722874358,39.66289829043976,0.1396333307137111,0.007346987352043977,-0.5882621112321139,0.47664674702430404,0.0031094365572019445,0.24953097762100052,35.57754960624461,9.276340439321592,1.6294832724984492
Europe,Estonia,None,2021-03-01,0.144356205209894,0.6093116309737692,6.883903365354038,1.0186857188833733,0.05834689066833813,0.011796422048193811,0.2206330306272607,0.7118330755586265,0.7118462090570918,1.0900131915989792,76.22100493553887,20.917903309070187,0.5186162193631495
Africa,Ethiopia,None,2021-03-01,0.11119031644323613,0.42273787513864336,0.9272488749283219,0.4880885821020774,0.051974092327687196,0.018714749917392942,0.11855646295411719,0.03825207574507339,0.77983651061096,0.3565925945319343,12.49694662820248,18.5361100102419,0.10645243979226635
Europe,Finland,None,2021-03-01,0.09683744339610291,0.5572791333797223,3.1087827282730913,1.2057913713480182,0.06222709554589438,0.006069930287066552,0.16645499600586813,0.2508891161392034,0.5648460250629437,0.5680767407293705,73.50327048187192,21.321118478694373,0.3659704667907809
Europe,France,None,2021-03-01,0.09675328827614652,0.44431212438713563,-32.212423499872386,0.05324943334287739,0.04890112321519954,0.02372350620284601,1.0116996147872253,1.3685671094978078,0.7810617054408449,0.47104189378177097,20.309005016797236,10.738512782466367,0.1173450069609703
Africa,Gabon,None,2021-03-01,0.3565481374603313,0.5380716194579989,-18.999638533386996,0.300975820236954,0.1919719256660547,0.009133420618752788,0.4142066971074763,7.05055676663795,2.512115198146408,0.742640379801096,-39.75101794051574,9.033638345458536,0.03909957033560585
Africa,Gambia,None,2021-03-01,0.19301990733082175,0.7388908939791036,1.0485761054051324,1.1360738154328185,0.11123490212981657,0.029261424773489947,0.5081281155635475,1.1924646955679963e-05,0.9774442581002387,0.915440195834408,-6.849576273689078,1.9644292948480333,0.26873704271139637
Asia,Georgia,None,2021-03-01,0.11462213426948985,0.19049940594293385,62.82592242862619,4.960295359840373,0.07001533851909185,0.01642425757954237,-0.05224240651011029,3.7396649349430433e-07,0.16483319150345627,2.262018433044523,47.851184932354215,106.38265578007099,2.412124026583872
Europe,Germany,None,2021-03-01,0.2171323323425341,0.21335772239533787,2.6761765746529362,0.06919360992572449,0.03992353912466279,0.08189859466443561,2.5251762070032626,10.265250899663965,7.183721154035804,1.373179591092627,19.569023641576642,32.5573671469396,0.007316904248303321
Africa,Ghana,None,2021-03-01,0.09696727845056764,0.9382822121049539,-6.699548572639714,3.4872592132749807,0.2287869531567603,0.021970700349793065,0.3468074797872988,1.167845760435807,1.5357528107029246,0.2779498516052961,52.20791541418885,19.082828945695983,0.020362266001199836
Europe,Greece,None,2021-03-01,0.28892203118897314,0.1366150699936765,22.200819696012516,1.6837049860885491,0.10298281340276857,0.026317590917306885,-0.07764804554423943,0.19140663160384871,1.113202378751014,2.384962154181577,58.441633782618844,125.2033441159824,0.5745215236684947
North America,Guatemala,None,2021-03-01,0.1974731301212183,0.4019438336856303,-58.47754293890024,0.1144918586955545,0.027047613988652602,0.05479373414740471,0.4272425299325418,1.0244417356001787,0.4617555152629606,0.7708835052392665,33.53350749122306,7.84722620438241,0.05401517882902421
Africa,Guinea,None,2021-03-01,0.3507783417012529,0.25414542124867834,-113.04306460918248,0.0,0.5826940837041036,0.008590590749709998,-0.057273508365171484,4.5703046502048545,2.8218622727952924,1.2076553752197814,-17.858110078425245,19.06732694900552,0.04527051580275934
Africa,Guinea-Bissau,None,2021-03-01,0.29271060939645266,0.0503851001351998,-68.67204962551894,1.4288337463055794,0.2768633398778441,0.03553553742929981,-0.2050830362001362,2.5257104729162787,1.0019744418126828,17.580177962945186,8.279896641875343,5.304555589339121,0.0480581777074668
South America,Guyana,None,2021-03-01,0.5890634841305031,0.162550829941402,14.340583499277802,0.0082970869282665,0.0261324807866489,0.085324859489713,0.7072540534406311,2.923149061340581,1.8534608001597384,1.800469584427332,-17.54771121911521,185.6962613302884,0.0647506781896994
North America,Haiti,None,2021-03-01,2.215021860768126,0.2914554609405534,-0.0839234001029472,1.04480257076297,0.3288401006041884,0.2126997237436882,0.565327620229044,2.58421489880239,3.048307437910667,5.015077295752897,13.952145149136731,34.20453313137856,2.2610999322880687e-08
North America,Honduras,None,2021-03-01,0.5190754089512696,0.19732855574414393,2.2753666040089953,0.9022048541098349,0.0719971382088421,0.03031432180222289,-0.3238106106070864,1.8566618570138214,1.9428865469321759,2.115728677827732,44.869912838062405,25.08321735743944,0.02144624918241471
Europe,Hungary,None,2021-03-01,0.10981053383677478,0.6448700930855161,1.6183909180633633,1.4246201942763692,0.06815785412607363,0.03908425351840156,-0.009698196575238432,1.6888245514873124,0.3989117495750784,0.2797517696690637,38.849385661508265,58.624398370206414,0.2940751950104569
Europe,Iceland,None,2021-03-01,0.3295237603167128,0.2617356314655667,54.659190629630224,6.326605313687663,0.020000000000000004,0.0010000000000000009,0.9158273515913712,22.235628155410023,7.022288316399189,2.4956095011820083,-49.55801400596354,19.807751450995696,0.0009966752081752017
Asia,India,None,2021-03-01,0.1915752116769493,0.17151944187562151,52.15307375816182,4.900942529756882,0.07719573536185922,0.00833141638457982,-0.48080563542870935,1.070358505806097,0.551082844827762,1.9252783599601873,37.3106711231925,58.338822649057164,0.014826128544477526
Asia,Indonesia,None,2021-03-01,0.07134727388769393,0.18898077466160057,4.154087962026686,0.24916091799681533,0.1452083326337001,0.022092063319783917,-0.3342488712525859,0.8243189079504382,0.3626835438531639,1.2617247270095258,50.602315856117755,36.445664392216905,0.28143307833274606
Asia,Iran,None,2021-03-01,0.16707174400256797,0.4447975407171147,-3.2455155934419357,0.1535795388609486,0.06548064298222653,0.01202509492474299,-1.0,0.27212700637934534,0.5916029595398613,1.0960415755686557,31.385652045574442,4.509086758977442,0.12618920492217467
Asia,Iraq,None,2021-03-01,0.09166711383111503,0.21336807466298796,-43.57937021586182,1.9759612420755877,1.0,0.0037885197150688693,-1.0,1.2475427054337636,0.37364264113705253,1.9662270819384318,26.41434610755778,34.740352925386,0.07393267249465647
Europe,Ireland,None,2021-03-01,0.08980245581967249,0.021436213724159783,-1.3903503142476923,11.988517796710402,1.0,0.03143874352400983,0.5673367609191321,5.166037153922317,5.813541439650777,20.379834221509768,2.3998716792300283,185.89370470961245,0.014331933632272087
Asia,Israel,None,2021-03-01,0.03322779053570016,0.09893333996012604,2.814155470644522,2.330169898616324,0.042406624532748086,0.008778145554798458,10.894656201067914,0.6444788731104654,0.1603274148536705,3.1494157670503324,42.55836951794523,14.15470923208197,0.18240737615333227
Europe,Italy,None,2021-03-01,0.056999580826265384,0.3261676663651629,-2.200811959905835,5.10714356264592,0.05685349508668129,0.028876886037426414,0.3042720258127398,1.5133349455920393,0.3742978221853423,1.1724885927133148,60.45145891947162,159.1838151083198,0.19744977737172886
Africa,Jamaica,None,2021-03-01,0.42100648760839987,0.11181549680639255,0.7146167532236878,1.887217338540833,0.05497739125988399,0.012094349758786899,-0.9843436037818786,1.6855226875810045,0.002510738082545788,2.0249713642416864,59.37099861371867,198.3875531152435,0.8476292643668922
Asia,Japan,None,2021-03-01,0.3401840504137035,0.02673638162004277,5217.3156272041615,2.8150595169497388,0.10469526170370774,0.011806620119994449,-0.13043614692271271,0.0,0.13425866801827366,16.393519234525698,31.04915560933714,49.10664907725785,0.5106276670413727
Asia,Jordan,None,2021-03-01,0.07116285671389633,1.2110463743396669,0.07664289349154532,3.1080439928159262,0.09977060469026117,0.012274671908996518,-0.13000804183731857,0.3538499617752376,0.8367128596652682,0.13275420143940558,63.85126567574446,146.56083030981844,0.33112380558018145
Asia,Kazakhstan,None,2021-03-01,0.1128376555732348,0.915288371973025,-110.29021429072412,0.24220686358507437,0.020549952605908806,0.015093225601351581,3.722775652911182,1.98512271055578,0.8101345876483598,0.2051690673735871,27.142237410641265,19.636227648703716,0.017721759093122028
Africa,Kenya,None,2021-03-01,0.19155192322356665,0.4378638417393361,-0.8701026269101123,0.7869687217703816,0.05505811346575748,0.014690927291145336,-0.9576045603738634,3.128595398627668,0.00012170663288255112,0.28347122091528154,2.5810355266108185,183.40378975599538,0.06377222046210736
Asia,"Korea, South",None,2021-03-01,0.2019244872835619,0.13781817182573589,71.53486172637857,2.16406518292827,0.06644942268544785,0.004516646702428698,-0.3647081600371392,0.1437677780265516,0.022713605786233715,0.9865219210733183,6.016598144253073,87.2188535567035,1.0282112182372556
Europe,Kosovo,None,2021-03-01,0.7531947222266965,0.27891521439701855,0.6485764270935256,0.3771276750738499,0.1602979179003014,0.01517334732534116,-0.08051999212011911,1.2916057445998939,1.8161818479662843,1.0973283199095565,1.9721675536811172,29.3888117439958,0.08371829586893714
Asia,Kuwait,None,2021-03-01,0.1133736135275265,0.39045453731569063,-9.608431433107102,1.019359543902083,0.1677063774226613,0.006631819474124459,0.03801498302181476,5.846133385767994,5.2111682322103485,0.9504832392809673,43.48308382577758,27.52994989455275,0.01157155277238442
Europe,Latvia,None,2021-03-01,0.2082317282229501,0.18687996276624302,0.008349918996995657,0.0006584260756958837,0.8416391681595193,0.019599747148682498,0.20945849146916876,4.9087400130524275,2.6878407551446784,1.771803955226415,77.38744797655778,72.2130096870541,0.031608669743433945
Asia,Lebanon,None,2021-03-01,0.21623618645707465,0.33150039522913927,-1.2521734868026033,15.868513497695679,0.32932017213025444,0.014991034204695178,-0.15542177070756888,2.1333210652823,1.2096464189491318,1.3313137012190253,12.300077976600098,62.63534372573696,0.0932526426534662
Africa,Lesotho,None,2021-03-01,0.25904385028948934,0.804558881504291,-220.49192362338562,9.454340325828305,0.08873721816137066,0.07278304931322657,1.4166039007865143,0.4765839910992513,0.5139429398639895,2.798337791239895,42.77065304281098,4.822372981595581,0.2533626106855647
Africa,Liberia,None,2021-03-01,0.38225311999055006,1.6422249328196667,-10.53749684421086,15.896445904665969,0.020000000000000004,0.0010000000000000009,1.4254342768686223,2.128169931162602,1.1981671858241256,2.840990423238453,24.080799631748807,10.83195261722594,6.202587707337948e-09
Africa,Libya,None,2021-03-01,0.1722742667332768,0.16505504839593654,106.87008148478441,1.4283548392812722,0.07148467291570909,0.021906288522380024,0.3325148740160968,0.8106958562489195,0.035202065802637114,1.9870358225927387,2.6020801082400733,5.166280956196869,0.5742993668652643
Europe,Liechtenstein,None,2021-03-01,0.37663974518889504,0.7818772835748624,-12.040719979256846,2.5532452585013248,0.06428680569644143,0.0034722110257682237,-0.5026711283476993,2.5729441771593642e-08,0.009195904563278914,1.2172889710583756,15.601429039785863,25.837439836832043,1.8947032175157497
Europe,Lithuania,None,2021-03-01,0.1555046901459852,0.38312527613427144,0.5637389901132386,0.017596726367236387,0.04664286155780925,0.017287725949663504,0.20007543634102704,0.11386537566318639,0.10732570923306956,0.9244281596432943,18.77590211110352,54.338740326953406,1.9714762978756772
Europe,Luxembourg,None,2021-03-01,0.12128917485379734,0.5908117421113622,-1.9867611941175707,0.01759620087034193,0.1434876696177195,0.03524924751778341,1.6641692880849912,1.2201570851513646,1.0463360688912597,0.923836545484218,-36.23649265686186,28.942651055642184,0.0647297473264354
Africa,Madagascar,None,2021-03-01,0.4197247156133683,1.23459431337606,-13.581692416614993,1.4796244589727683,0.02014678481827266,0.21477422302468105,2.2943759691137275,6.340498865067545,0.00010439138873745424,0.4970591171163052,35.0713245276537,5.302474100602329,0.020476786981824188
Africa,Malawi,None,2021-03-01,0.05227028619718363,0.3096588645838533,0.7383192991431929,5.698112662456643,0.1820645277603414,0.030758655157977613,-0.6174990498352904,0.5200964390431211,0.38047696346804727,0.64937616467731,42.50933413597464,107.25432039124877,0.16289311717636695
Asia,Malaysia,None,2021-03-01,0.7733871893900592,0.5222156135003988,-13.094498983533047,1.5681245502536578,0.9979057372045622,0.002964684009104615,-0.5308408334040066,1.6985332047961892,1.9211659475472975,0.9328326084093946,53.65218014496695,27.623473890099195,0.06787267726260594
Asia,Maldives,None,2021-03-01,1.4993830288263421,0.6906082853456332,10.243020166586444,2.1381436350940195,1.0,0.0012175070253099135,-0.46120424302805996,6.808913651483178,10.274011215258026,1.7564862827687964,61.14306070987904,14.472060258332194,0.004980215860422091
Africa,Mali,None,2021-03-01,0.3189979778114055,0.2305932972897261,-11.92312197995883,0.8483644868024828,0.059256882013647816,0.03832957624537334,0.17544738091942574,2.352652557457049,0.0,2.574134945231518,12.869076612892425,18.342244438469052,0.05695954354368572
Europe,Malta,None,2021-03-01,0.11255305263461342,0.6654019019052767,2.6331050156275797,4.696326195703238,0.15098595972935558,0.009329581843079554,-0.3868587458710206,1.7966771924450453,0.03102281707051119,1.1406172466501057,38.55913195095764,4.103262239513301,0.4274131635252515
Africa,Mauritania,None,2021-03-01,0.04657901392917782,0.7211256312880184,1.3497495836226292,1.2638831024904518,0.03565488968163663,0.06760832049505432,3.7172775515070478,0.3303685361440376,2.0641918007918396,0.7242431486598988,52.015818568162025,6.945017489104576,0.013856022954618671
Africa,Mauritius,None,2021-03-01,1.7230789268407645,0.6057026429787024,-0.18018858822766246,6.165614647651918,0.0478638661038613,0.009391653532444116,-0.8878490197699157,10.30732785382047,0.9538844830100572,1.9721340941686203,16.2685678541029,4.409528738005313,0.060258488839813606
North America,Mexico,None,2021-03-01,0.07685680362551912,0.42850114328890176,-22.9163541157587,0.14569796463948945,0.02852444006158983,0.13848726919032622,0.5621842810214378,0.013534212018542227,0.27407407758086033,0.04466843883540897,-43.17129882377566,165.22663605035834,0.26944529212768836
Europe,Moldova,None,2021-03-01,0.11227878152347762,0.2653318567534893,-26.276633481111613,0.0,0.10892709107217127,0.025171579666862412,-0.1904282839441848,0.0015766731888400692,1.0138272329742612,2.004041354812644,-0.7830099235864969,12.480222230653938,0.14808808264548434
Europe,Monaco,None,2021-03-01,0.3094681282836234,0.6285020938262036,-0.6073852020451664,0.5820031097993973,1.0,0.0120743919120187,-0.31799606641484435,1.1397820357639505,0.5021934236136342,1.0713272876463253,71.33727249309038,1.0,0.13452255335475918
Asia,Mongolia,None,2021-03-01,1.3371665973308031,0.5384900184427771,-0.8653050561643009,2.353131032711819,0.020000000000000004,0.008001587194169726,-0.6894852751151523,1.3752907211755852,1.9110773064680813,1.103944046815677,22.439230449782787,25.198138048095842,0.07687834729964424
Europe,Montenegro,None,2021-03-01,0.08607952951503159,0.6783521952152948,-26.967192756847457,0.0011106474145722994,0.0473299617696106,0.01353092562730085,-0.9516292590213786,0.3346452761358483,0.1070107868223025,0.40598735715258977,50.800927807137604,141.67181710569045,0.9317596364898775
Africa,Morocco,None,2021-03-01,0.05271777546442298,0.5041934402589456,-336.4565853758252,0.06788111880145678,1.0,0.014581020860034793,0.02704085374745409,5.6469712147285245,2.2858005997099204,0.3981958820447863,25.298308032356445,18.416244982871355,0.0033494583114596355
Africa,Mozambique,None,2021-03-01,0.11583074448146038,0.10012505466716028,-3.7685462072693534,1.174964077416547,0.035991848497170395,0.004254215946017256,7.416342861383414,0.06909309239371628,0.04433521189878367,2.227178992574556,51.39573622316829,44.88724085812908,3.255069191424364
Africa,Namibia,None,2021-03-01,0.6346229244275621,0.11833340937738275,247.30080992119048,3.8317083309701063,0.0616768411585332,0.02654794245692832,-0.0077909409557747515,0.7405986391324334,0.6041096680620303,1.1649688251731591,21.440245446103727,201.57035353970977,0.10274252999878397
Asia,Nepal,None,2021-03-01,2.8895828661611755,1.6613454062215272,31.22654307416744,0.8307524295559628,0.0379259245329482,0.0268783933667031,0.1983080944823566,6.237943043219119e-07,0.0,0.9236223706774254,-3.6599770760914527,14.03251470830306,0.1740632460726839
Europe,Netherlands,None,2021-03-01,0.08646922335277923,0.15589962802177765,244.4012289158472,2.83662293569887,0.03113208890566818,0.007911875953449818,2.7645608878925914,0.3722143577352054,0.010286888453919646,1.822462997707958,33.602209661498875,53.20717801042011,0.6575914724448055
Oceania,New Zealand,None,2021-03-01,0.3281810419449224,0.18109351325480283,2.892914931302236,0.0,0.020000000000000004,0.0010000000000000009,5.292058363470023,5.6331663698103265,27.808137500295345,2.469401337773619,17.86034141483272,8.018207438556948,0.007818891411992962
North America,Nicaragua,None,2021-03-01,0.24511342641967077,0.04599452574190435,1.2495549573735936,24.116363136694225,0.08387959739528175,0.024669925611865873,0.2799806845236151,1.4344313002262465e-06,0.5650498541518859,8.52204987482571,9.485194584528713,329.32529649222374,0.30473994699813983
Africa,Niger,None,2021-03-01,0.1987535967606364,0.13076818236292495,-19.50625079148228,4.498491128795967e-05,0.36777156342770145,0.08315994299296633,1.3579984389704909,2.4844296428429407,0.703240466786783,1.7677645854905226,41.960487158592834,34.54998519983457,0.04462372667954578
Africa,Nigeria,None,2021-03-01,0.04513618257368444,0.06766622828236561,-2.8111635785864086,0.010891105743521715,0.29725618085543026,0.020940604408890853,1.0950864562098332,1.4243050471156624,1.230413095276956,3.5364540421125557,70.43672240948155,49.91687056088042,0.023443775608966932
Europe,North Macedonia,None,2021-03-01,0.16692014639068378,0.236695055535799,6.726913243650773,0.39382425342685834,0.03537166162252804,0.06409895539896636,0.3142120195320714,1.068241161456717,0.9469360123192356,1.8340066008293001,4.845077531452724,25.403458249239712,0.17150811950254644
Europe,Norway,None,2021-03-01,0.43706301702185324,0.3039255681805397,-5.0583247014519745,0.0002544105826200599,0.03014086468792951,0.004121727901856831,-0.1776958412778646,0.30403523188898945,0.5833825759980608,1.2996361915937826,-0.7987544601420214,9.607731187254348,0.600893434103855
Asia,Oman,None,2021-03-01,0.3585670221102405,0.7690214163112208,-498.1090547544165,8.898190584003252,0.15321819597297665,0.007267366902430933,-0.4595839299084888,1.4437599022426746,2.175022469966212,0.8337579049906382,0.452909007699318,41.69751985294626,0.006051496011731092
Asia,Pakistan,None,2021-03-01,0.20077596852393567,0.21297402782129665,3.960110770128332,0.04884654135518103,0.09475125985921304,0.018549509650196028,-0.29787302715457714,0.6450694406947713,0.05392438812014967,1.2508344849119053,14.777330124868506,26.40786797665158,0.09442258435699427
North America,Panama,None,2021-03-01,0.048679432848384274,0.14228952300761108,-184.6399418693407,1.3981198032078825,0.0957646764245717,0.009713242425317306,-0.17274314964598847,0.3817233116707031,0.020385857717144393,4.1879186214476105,80.73100889276444,71.27982050810469,0.16441579886206734
Oceania,Papua New Guinea,None,2021-03-01,1.6070582834588252,3.0821316279118887,1.2723237972534112,4.480000703403574,0.020000000000000004,0.06357708725555095,2.1377565088431254,0.0,0.04564128370484681,0.9641963024814777,80.51429222575898,8.86420969938484,1.1836299258176066
South America,Paraguay,None,2021-03-01,0.5782150463577085,0.3335527858267865,0.5497651929646258,0.005521335145880102,0.022586582472417502,0.0460421941830977,-0.1967724594311564,0.7473641784083825,0.340915158069825,0.3238375912657484,10.545403708828934,129.76016147151697,0.3460891226670877
South America,Peru,None,2021-03-01,0.3334931684110357,0.5499565483480716,-2.820151085069796,1.318620363896983,0.0258306448724155,0.036924103145930406,-0.3465939980804681,0.0035753571318524052,0.1779016081838511,0.4656785928241894,17.026057152180616,170.1464681496363,0.1754777342259875
Asia,Philippines,None,2021-03-01,0.22939218023280816,0.36435484704096494,-29.5505394125457,0.08081363690656052,0.07775766386914927,0.013177156473770088,-0.06418422990952703,2.035456365232126,0.0456413092947702,0.9222317232917415,8.624750000674368,12.594353561425116,0.034339065804375485
Europe,Poland,None,2021-03-01,0.16910431860368574,0.20816147470980914,27.77914610964614,3.220007933520652,0.05376406127598915,0.017537786058671123,-0.5200507294312126,0.5277416229636311,0.03169911588444263,1.2672666873168574,14.706642681587708,48.0078476215923,0.7634140376166716
Europe,Portugal,None,2021-03-01,0.013290015761437887,0.6083393141212171,-0.9224542316492741,0.08948576648043405,0.06861906946103609,0.00422488287446561,0.08047783484623612,0.0,0.0360087302620538,0.0403640676618644,-18.229191237406127,2.339805387021215,0.8634166418122654
Asia,Qatar,None,2021-03-01,0.43396423491836594,0.24681397215650763,39.655505499594824,4.2890469260559865,0.05569171027746936,0.005232235964157866,-0.5250248146003696,5.8884605967064845,1.323618140991897,0.6786286237018508,43.036088495556555,50.77948764352841,0.0028264584384690566
Europe,Romania,None,2021-03-01,0.08425037597115959,2.3443955384971322,-42.46157245371439,1.555444212359728,0.05081441568252608,0.024928277726989356,-0.6440054013126021,0.4299226179128039,0.24753290304846332,0.07872202379792462,9.130425963062995,18.714506957768,0.28137730172453196
Asia,Russia,None,2021-03-01,0.029186503567912997,0.06116067700961493,-148.53661644061265,1.337949324403592,0.3523625001633931,0.04177127778780691,-0.015041961345922446,3.168170085893063,0.6288312984619187,6.48384202368355,41.234030513261956,53.740649357878084,0.030950259288748908
Africa,Rwanda,None,2021-03-01,0.20081617774902938,0.4553858524962595,0.1537600700737435,0.2753954946247614,0.05263571759190461,0.02453490918451111,1.2935747011156071,0.2665237723598931,0.3528355359666694,6.982062063655455,-43.43293090253712,17.345964125768287,0.512441935182842
Europe,San Marino,None,2021-03-01,0.2222264558230471,0.4191263692251017,1.4893537296776618,2.6061620655771938,0.046485875557919026,0.03225481201791225,2.435786230105867,2.0413676848135287,0.9775569934986055,2.0670807525828,16.736150722147375,12.785830603772625,0.16230152471679407
Africa,Sao Tome and Principe,None,2021-03-01,0.2044491416206266,0.19176621237131675,-0.1761928532665025,0.0,0.1882742837150089,0.01308772675605474,0.9828950951399086,2.4219916535444486,0.816609598957659,3.725267527364908,-48.03134731968598,6.654836184553825,0.24430505970942268
Asia,Saudi Arabia,None,2021-03-01,0.019984398439945997,0.5215398225088005,-1.3336970460331794,0.41752132806253434,0.03695392999424228,0.019245808338531095,0.1381079836188301,0.0004171166592460279,0.2002206345432819,0.2518257882388524,41.280967076762934,49.043401797057136,0.02285683899117677
Africa,Senegal,None,2021-03-01,0.09102181041866525,0.44886224199664154,0.9201983014140291,2.327999210857199,0.053771621961655955,0.1456918523677662,6.1461102546938005,1.7221179903880524,1.1370071816896952,0.5952201970023343,47.88238261712839,18.201981260870916,0.049919308800078915
Europe,Serbia,None,2021-03-01,0.05412606434449705,0.4045033043041273,-0.9169315053666194,0.06747997150996601,0.05310791991034568,0.012866597800535312,0.3037019981790215,1.2113469734499505,2.9703463652446063,0.7712875635326994,-2.4830917310908154,17.70487568117572,0.05640109629739001
Africa,Seychelles,None,2021-03-01,5.735105639028324,0.7077796640716602,-89.13292369420103,0.3655564816747272,0.065438707716265,0.0093611051822437,0.914611266444837,1.0536762255722023,1.1304768751671526,0.8847341196224245,52.10843803256051,18.03411722173632,0.5069055223465028
Africa,Sierra Leone,None,2021-03-01,0.16780782544236403,4.4844727764755605,-16.315690572522925,3.855189187574665,0.02,0.0010000000000000009,1.5762619260243944,10.961900081871768,0.0006624438062186183,8.837423729806206,-37.62920570388046,1.028830215348854,0.004598730398759646
Asia,Singapore,None,2021-03-01,0.4024623317030959,1.1022395742487223,8.239043372316571,3.4760796390710547,0.028424737305449838,0.005988134281602123,0.6399403222122456,18.981580061390595,17.884169064726635,0.3639957070169315,23.790155063539025,23.859970881895602,1.053563764411014e-06
Europe,Slovakia,None,2021-03-01,0.07500475910302706,1.0237516306092678,-28.230490354089355,0.904697998660113,0.08719352393368689,0.039289410228427205,-0.8157670038712632,8.595573572356408e-09,0.6276524956111311,0.15507963276255057,27.450815818108484,35.76171566155128,0.6453945154928402
Europe,Slovenia,None,2021-03-01,0.20401648733067151,0.9514406188392888,-2.000789526974854,0.3995071843224529,0.7630988970500714,0.006545258173433502,-0.2501446907374975,7.795260423271166e-09,2.82199283101552,0.3709024898444878,64.39243015440042,10.971450652416772,0.0436483546999927
Africa,Somalia,None,2021-03-01,1.2204434838571356,0.8830368774926134,0.48464883924811325,1.3469654625176337,0.905747786859993,0.0654632095089372,-0.040679110741287994,0.0,0.6574067871562448,1.09719920321297,-100.0,29.284577935430278,0.24631315735889847
Africa,South Africa,None,2021-03-01,0.049255044274186296,0.3052130840230876,2.0767084852635547,11.53432188646279,0.037499896229080024,0.02219733565679473,-0.6532952199122071,0.08816501887585426,0.0027536145322528544,1.7324666600489262,75.68651139793525,53.06114302331734,0.25087540016247684
Africa,South Sudan,None,2021-03-01,0.13692433973900411,0.11002709424570717,36.52929529169795,2.0698285245015744,0.28132344664746434,0.005255536618641088,-1.0,0.957256698718773,0.812432034588423,12.084246547012606,51.775268716727886,1.6896913012996475,0.29975541279659973
Europe,Spain,None,2021-03-01,0.9187614722628294,5.573350078677182,-81.64592585132024,1.1481246815544142,0.4036998896627173,0.0774796739405784,1.7403662316313924,1.6467056436184702,0.0137379985426056,1.8810637315042067e-05,78.03113315691644,77.94979629692858,0.020969198657082508
Asia,Sri Lanka,None,2021-03-01,0.4943603405062513,0.8594498706290076,-15.71806496952332,0.9967898738287277,0.12291848843195768,0.007643689237080115,-0.34429271873760364,0.1232995198156295,0.3434095421506751,0.8848048549857228,52.12157256784407,9.811128093601374,0.27128676025802023
Africa,Sudan,None,2021-03-01,0.5465541065671499,0.8378991914160397,-7.134740023187911,0.49834769817396257,0.05879826948760872,0.5282165478708543,1.2207013250006347,0.3856666644938044,9.715234193044047,2.502609552349155,-99.20562308628962,24.4374372394245,0.0006487010795176024
South America,Suriname,None,2021-03-01,0.6121067980377504,0.8585675672368581,0.5551620108559825,2.790750240443796,1.0,0.029737096351869788,0.23629832353476304,0.37661316967706937,0.0003704534267370829,0.7455040879964148,36.21282510793954,22.393845583925764,0.38119200143505244
Europe,Sweden,None,2021-03-01,0.2392367378793518,0.11469336924208186,-45.465007236688194,2.9712652888921314,0.020000000000000004,0.02250625264848123,4.604909518530767,0.584553567921258,0.6682517439452448,5.170920211218389,28.206087674286433,60.713499646703546,0.19864898342066814
Europe,Switzerland,None,2021-03-01,0.09081121277667442,0.4508143127064857,-10.634394045699361,1.046229312173965,0.051720897518438766,0.018215595730765824,1.5837486751810088,0.4456269323678276,0.39077882924367774,1.0026062650965153,18.012133021817682,62.73613105497572,0.11617502502242442
Asia,Tajikistan,None,2021-03-01,0.0,0.0,-0.6026935322300269,1.633214739409208,0.020000000000000004,0.0010000000000000009,0.6389754790164182,6.48224962148094,28.994686238830965,0.3006912145972457,8.627579951050905,14.70712820806988,0.0
Africa,Tanzania,None,2021-03-01,0.0,0.244502495425704,-175.71489254095025,14.50385525696904,0.6142313994629099,0.3401749776804772,0.1578246554933915,0.027526622447872406,0.2296013809901193,0.5578333585633057,-33.528130243643204,5.061003700180322,0.0
Asia,Thailand,None,2021-03-01,2.00767480996359,2.2408035251711356,-93.04029404234876,2.545407631276079,0.020000000000000004,0.017810768070859684,-0.3001434588453957,19.929506202941468,7.414170340373419,0.8553799272296909,6.1857654652822625,27.218522281372078,2.218450586163878e-06
Africa,Togo,None,2021-03-01,0.3325516320547105,0.16809529512773053,35.02837628035238,1.2039869276795159,0.11156476545190849,0.010697806037130442,1.158364390828985,0.2057118143169593,0.5613537286193416,1.5096769089534552,11.089893742350258,12.745393434797084,0.6870666628311178
South America,Trinidad and Tobago,None,2021-03-01,2.5217100647258426,0.4115735346556237,-1.2904168416069208,0.13817196319720348,0.020000000000000004,0.04752183628118026,-0.3456677369492731,2.188480193158106,0.9172457944877481,0.9242348499781045,0.17054596571546177,137.3720773947181,0.029091433711939008
Africa,Tunisia,None,2021-03-01,0.2255391644230526,0.6399769876052154,0.5930437903772764,3.135465970053368,0.025491835486468106,0.16441581012062395,0.7733359774715327,0.26041993502947175,0.014764543277595063,1.0392390648960474,1.3953001012343507,35.308101156812,0.11680314281453683
Asia,Turkey,None,2021-03-01,0.12438160355066583,1.0273094659818565,-2.432502000047284,1.7863300665653952,0.030283264356602155,0.01758464049537385,0.46421175173977947,0.18289603245847552,1.5419149994157446,0.44629937556981675,30.66869775654195,12.502009131324176,0.04103469403649104
North America,US,Alabama,2021-03-01,0.18450128270066024,0.6100733327436489,-5.280573125001818,0.0,0.024016451601626562,0.007556079125851475,2.4883138156604034,0.0,0.041205630046781946,1.4322992032313142,-4.604087696113057,1.0,0.7485954756690737
North America,US,Alaska,2021-03-01,0.2680464531644929,0.44768132784565967,-41.42981897302802,0.12167507365785461,0.084205632210454,0.004114882529886982,-0.7620794082404125,3.333675462546823,2.2279491677180645,0.8478271131083299,24.924096142940083,14.435461465719424,0.02317861278862325
North America,US,Arizona,2021-03-01,0.025611504582318277,0.1391839949346495,-2.2646248933886293,4.180842256887007,0.13855137654474572,0.035241750100602695,0.493524201278105,0.754060046793228,0.5759400552153935,4.870523831334213,41.27338681843433,25.29580490337668,0.03557407428141296
North America,US,Arkansas,2021-03-01,0.037765364882874373,1.920592491518233,-464.5759749308877,1.5425730705882648,0.16323592060125847,0.061453269855407194,0.8744470158659678,3.1793964036741817,1.6831168834463324,0.3172716949741493,47.369206958326714,31.81627026389525,0.009251468265401547
North America,US,California,2021-03-01,0.0692504787961809,0.4964638398713458,-1.20641657421301,1.3393646854558527,0.0405855855517028,0.04582823248102991,1.422952170274194,1.9551724566302386e-06,0.1678113767985442,0.8015280667039251,46.01712633704801,39.26268825063852,0.1557195286048399
North America,US,Colorado,2021-03-01,0.12844113728167555,0.20478438233328253,65.18348185309705,2.4931909602146134,0.08420438545191826,0.0036510342529923745,-0.37278165706825717,0.0,0.30866050048635874,1.2586348676843773,-10.127483951498224,91.03299428484391,0.1849998691859383
North America,US,Connecticut,2021-03-01,0.07509387644356164,0.3610814147936179,-12.813053544223319,0.003873912812059399,0.04219502998443139,0.026551946968235637,1.9474264788301459,1.2305071035484099,0.540031047471597,0.9346557062146764,16.22217079901315,12.058810776173546,0.05650260005018494
North America,US,Delaware,2021-03-01,0.14422437991612155,0.24309015483272772,64.89324956231508,0.8891802432518555,0.15120309639120755,0.012068441280521439,0.41393877771532817,5.087689643121229e-06,0.23067064411923427,1.917144295011828,-18.74349569230792,60.16406991380665,0.6576434356166236
North America,US,District of Columbia,2021-03-01,0.08340068192677413,0.31511566333021496,-16.192945199644512,0.05703888399722898,0.0991506977380066,0.015151350776541256,0.2756415074324488,1.600536662394216,0.3376650980457893,0.5098253811948305,24.30490218524123,19.10286898499847,0.06571139709139075
North America,US,Florida,2021-03-01,0.1383936925697384,0.3528382196043396,1.7418953903619916,0.0,0.23945191108345498,0.015701895952282566,0.24438004951956724,1.3162802978985622,0.5853912947316838,0.8173066099372545,31.662165968997986,16.164167473923264,0.05495055404866177
North America,US,Georgia,2021-03-01,0.06651445602377595,0.1508155813231267,23.58127839881137,0.0017612296773101,0.0206855152365312,0.0211132500010576,0.9499754576008244,7.552699252399986e-06,0.0941099833383649,2.763526520007203,-8.598333300923905,136.69483659081848,0.367951698683919
North America,US,Hawaii,2021-03-01,0.1143531410796153,1.0206531120194589,1.4680392908058977,8.702618893557787,0.5415837517878334,0.013197360299081001,0.5507845388755648,1.9470703876648472,3.738746702905234,0.3493213110350288,37.40435926521087,41.32495524655055,0.007994671864256606
North America,US,Idaho,2021-03-01,0.08318213198670235,0.7524355357969603,-0.1182257530787736,15.105992705705502,0.1825342057522091,0.010239896866471004,-0.0075986958258173,0.3302349823907082,0.5789559880056137,0.7050796571642054,-28.5462181746269,177.48035076642248,0.052150660631503504
North America,US,Illinois,2021-03-01,0.081789182460194,1.3131036269212797,3.9125713273020337,11.35922881398666,0.03303895566375581,0.011068137200691303,0.1567768522312281,5.106438577540118e-09,0.033543667999663906,0.5565782866206856,23.790499300104223,39.385997157495325,0.7664986896493456
North America,US,Indiana,2021-03-01,0.04750294281732794,0.47111284014094257,-0.8704477382724413,0.09199640230288153,0.11264098529499988,0.014209313089281347,0.35994756148555596,4.125158442992716e-05,0.2710279281533701,0.6696593085335112,-15.656507869438336,66.55335204128984,0.11529843362363205
North America,US,Iowa,2021-03-01,0.03580381897672509,1.716448118266302,-8.62852733928554,4.185733913560281,0.024397214310781234,0.0114295903860063,1.1789797682563679,0.006204549725959768,0.05303718869802829,0.28083246015565855,9.478124307464194,130.4085008899462,0.3975808701404896
North America,US,Kansas,2021-03-01,0.09021256105128758,0.3073501274441804,35.77901619611986,0.11137408861806136,0.17451004464359865,0.019793720956066144,0.2300312002697306,1.2963726575844938,0.3332396904259288,1.525812616507498,41.14348231370037,13.454571067308885,0.036806507273756645
North America,US,Kentucky,2021-03-01,0.134986494923603,2.7604688369033763,2.028944555555883,5.951203224739085,0.3523211316024151,0.10766689818890823,1.1398051167336574,7.623008331379207,0.0008581609019532865,0.27945648597525924,48.399877214991704,8.536571161889768,0.006077747462476496
North America,US,Louisiana,2021-03-01,0.06133504777820355,0.377488616610186,-0.0029334119955327,0.0,0.0868191973573689,0.0359821884821679,0.6438474312607636,3.1292302853092036e-07,0.55207432637039,0.831649210192492,19.01459034818738,199.92573631147403,0.6735357088657927
North America,US,Maine,2021-03-01,0.22089397883596948,0.7435964696126716,-5.5440605068607045,2.0486834942849166,0.02050083115298275,0.013024899154943217,0.9933119983752449,0.16585469376803158,0.027331112028394083,0.5763884549104157,13.159480918392784,48.57116202441024,2.2737856923721385
North America,US,Maryland,2021-03-01,0.04356784121158097,0.27225406851144734,0.8927532149210565,0.3790939762301928,0.0955876764776097,0.013313321359038816,0.03789718769896046,0.6594559178966721,0.025589851634330807,1.2414114125982634,25.878970066324058,23.784093353886803,0.10781535901011291
North America,US,Massachusetts,2021-03-01,0.06507300588752316,0.2680715704894264,22.134358054681034,1.8179019598249972,0.6043799694484766,0.03508422008079701,1.383327970522764,2.376055295673329,2.0384218094022333,1.5332599225656007,28.790741128622265,129.239617541937,0.04962773273803939
North America,US,Michigan,2021-03-01,0.13320075458957162,0.360172278524916,-22.16265323751492,0.054766300818476,0.0200219549208034,0.0186548292452786,0.05786688663444,0.403095243961199,0.2104684153498706,1.4942060012502578,19.70698833705459,12.7479033973774,0.1882499587836746
North America,US,Minnesota,2021-03-01,0.16691633379147328,0.3539977210976303,-143.1353597244215,0.03288413758117015,0.18136622175465517,0.01709892471963312,0.9958042044098955,1.1649278013392548,1.765422487215005,1.1652825097490365,23.726694442421586,21.616913992649465,0.021634322910804485
North America,US,Mississippi,2021-03-01,0.04730347016774073,0.05370968366600802,0.4530933181748703,0.0,1.0,0.03393498398656783,0.23309283519776233,1.9703041505099024,0.791748623895124,7.917746462547833,57.45540574625582,92.11601888132661,0.014250552085847384
North America,US,Missouri,2021-03-01,0.09795515831663583,0.12165934604883852,190.41430013603124,0.46240121762939274,0.23634173181001006,0.013921021552753349,-0.9832769336567798,0.34056619771866353,0.03678359586864302,2.6324659947073523,56.56544733342642,41.374250181756615,0.10945315634855642
North America,US,Montana,2021-03-01,0.266928905661693,2.1991835655459213,-5.0162401019400225,1.5098685604855147,0.8871739858999235,0.015994285404152236,-1.0,2.828511652762423,4.0424393508138134,0.5148954633970837,61.503106822010146,1.9899196143311182,0.003758725411319719
North America,US,Nebraska,2021-03-01,0.24882556067239275,0.5945643468989645,2.1896894936721347,0.13908703785454707,0.7180144974030507,0.01291066682477407,0.46955883555214833,0.8319555703528126,2.679198718484561,0.5092142389660024,17.302407640123327,6.440791896475398,0.009849625214719854
North America,US,Nevada,2021-03-01,0.053102880279463395,0.5750048924324488,14.388080444204302,0.0,0.0385102540566863,0.0297869560129623,0.6484715425686388,5.06934076938137e-08,0.2624198421262434,0.6936429441859445,19.001480030972058,1.6563488794116088,0.1191328718325844
North America,US,New Hampshire,2021-03-01,0.15977420137431803,0.2645172992843743,-5.107052464730352,0.16670392686246038,0.10915319874181877,0.010695633147002517,0.4729953577011861,2.6504682165305375,0.14236778931145944,1.2410773069897816,25.260895932685393,20.7334375360298,0.06886679558050064
North America,US,New Jersey,2021-03-01,0.119072501138129,0.41194293422784134,0.19142017971482184,0.4772031818488471,0.04447814015425719,0.03738247022040411,1.8550237646342653,5.919892718896951,1.7152300204136015,0.7673826843692846,24.705031826297013,13.362134735037474,0.017425542703330882
North America,US,New Mexico,2021-03-01,0.08307986086560208,0.1524799534659922,306.59753752666256,30.242104150896946,0.15967157161488202,0.02045519287400195,-0.005332096617173562,0.001626585419493759,0.32849673025521736,1.8739099536422683,18.98330115719418,200.18649061458152,0.14237919214320055
North America,US,New York,2021-03-01,0.028760554853311335,0.6641508889740443,13.03551762733836,0.484148719634152,0.022063547796383046,0.020259773205775558,1.7241281606678505,2.5926254966418538e-05,0.19242118714910542,5.383637045625697,-54.22820191877975,4.085392999737394,0.2909129060831873
North America,US,North Carolina,2021-03-01,0.18106689167437176,0.3352724028676601,0.063280660032536,0.2562642285505703,0.4579781122887645,0.0175461523907232,0.3816733462773791,2.157480551793235,0.8930925855057328,0.9853491753987956,48.87821806501213,30.48161378658761,0.0216798622173561
North America,US,North Dakota,2021-03-01,0.08096873464662427,0.4144765804993037,329.72207466673973,0.1428432436964021,0.2073163306542281,0.0048968430762001,-0.2008579871032187,0.5573261328475814,4.138731218850111e-09,0.8755312302562825,-44.42911968513295,53.2160806866787,0.0796645057936062
North America,US,Ohio,2021-03-01,0.07722794868468971,0.6999601379042351,-11.762212429911688,0.1962759988699464,0.0462918881005983,0.0589645110552247,11.359756535297963,1.3168378622668853,0.3958662685348996,0.1237090156586989,19.11648766078881,1.004980649524417,0.031207679954003406
North America,US,Oklahoma,2021-03-01,0.46905978160489564,1.889737503673613,-279.3303192697216,2.3056879281924134,1.0,0.0666493690555776,-0.8003697921728922,2.8018950726765435,2.2747707145870435,1.7875443851294215,21.88872494141464,4.741535041639068,0.005488628317719346
North America,US,Oregon,2021-03-01,0.26673408436462726,0.1056943417415136,55.62046119059048,50.73720624178741,0.0583880137210509,0.009439100067577103,0.4939930483574256,3.558656147539807e-10,0.0802732882980249,3.332358736531064,-30.266741082597218,200.0454864922749,0.4186973409369669
North America,US,Pennsylvania,2021-03-01,0.07655353785836226,1.2121789775271545,-175.10350440630464,0.23669796963144038,0.10597230806089615,0.007749401968766598,-0.22026526871738017,0.3147802988619743,0.05353643806163058,0.30117214810954773,25.55406337865758,19.537219967265884,0.40893214575095616
North America,US,Rhode Island,2021-03-01,0.15450062348259583,0.23995709270486948,-17.338913382562012,0.14067274343741376,0.25656700240915203,0.011176009570068562,0.6556174024802662,1.2961666469456339,0.4509863801536873,2.4342258190678305,22.361025280864478,41.00439766722066,0.06882443894911665
North America,US,South Carolina,2021-03-01,0.056019142511639655,0.10673175500320103,60.881936331555266,1.9981789989432288,0.08103375848340424,0.008653035988302818,-0.3551311169368274,0.16799843756186253,0.0874951782670648,3.3647888516292817,34.60940339630567,65.72434001544677,0.24394824316850486
North America,US,South Dakota,2021-03-01,0.0997833094131983,0.21016780058034537,2.4597946097748866,0.0005340800544061663,0.022431354016476196,0.056213967789845706,4.603830426902306,1.872181543214963,1.244076160275763,2.9135989918679233,9.094103255574273,38.63797454021414,0.019503064863868394
North America,US,Tennessee,2021-03-01,0.08439627354920026,0.14172957776123907,0.31999703812659724,1.2666691027958243,0.3029880457564092,0.01391878295701772,0.3191016889404689,1.993839007221898,0.6440253768729994,3.9200608738638287,34.25235164929145,45.96525370635995,0.018230002900091274
North America,US,Texas,2021-03-01,0.06012560690398733,0.5437266154938716,-83.57770903689523,0.0018501234443310532,0.11938132269801185,0.027949745933155495,0.37281302963474855,0.0,0.5144634535210435,1.2327385749000177,-18.405183764369717,8.71303951233081,0.11320603718058667
North America,US,Utah,2021-03-01,0.1846006693284495,0.5532970019005167,1.49463347950493,0.0,0.03677040345163819,0.010176979490652785,0.8428564126953567,1.7224925044634354e-07,0.20178074121747397,0.5897750362193178,-14.731739804824842,97.35657490498937,0.660642285463775
North America,US,Vermont,2021-03-01,0.1769978873444988,0.3117096571838605,6.892925165479728,0.10121608540367559,0.12370098728585233,0.0054896993076963135,0.09290401197551265,0.7735121508966132,0.28919093555624914,0.6572215465842999,15.970016575314828,10.557053857842856,0.44964195070680146
North America,US,Virginia,2021-03-01,0.09200182457783845,0.5289113441886062,0.896887956662496,0.6671138409134861,0.22411185570525258,0.008321491615835355,-0.5212292033589669,0.0018309568780469215,0.05425617610520518,0.446370417600756,36.53631423003122,46.37770619478514,0.6307853399261409
North America,US,Washington,2021-03-01,0.15664260531575191,0.2908604834110683,-1.6691122924346158,0.0,0.304924584563151,0.01338043599144742,0.4970563081480918,0.9693014256909948,1.021079059676159,0.8278247542524625,30.51347474233624,21.35288000615974,0.030619617347660222
North America,US,West Virginia,2021-03-01,0.564186177522961,1.0282448504653632,-2.107647466866083,1.3377035813960974,0.06394501822667731,0.0045801460093320145,3.1519506556049675,4.837738959428961e-08,0.017916198291542562,0.6309310036975787,47.250953025300674,37.63167170935005,3.003276300430581
North America,US,Wisconsin,2021-03-01,0.12195880445664556,0.4373444476779341,-0.34845640091065544,0.7595780844121873,0.07281704710298333,0.008139881877916963,-0.4289553227273024,0.1584544757157176,0.03955817783857414,1.2535883860406296,35.37890226213853,33.91368309168645,0.22402491946915737
North America,US,Wyoming,2021-03-01,0.07534403010102794,0.667348955139375,97.54922754776834,0.0,0.2539971623165642,0.006627150350324698,0.1772142675661899,0.0983550543884355,0.1064264192714292,0.2476889364522199,-21.89428781591792,2.466935034671593,0.4451091222676698
Africa,Uganda,None,2021-03-01,0.1433168731291721,0.21203911585766458,-0.22189878718910228,0.7788890464984916,0.021998993284780777,0.009226675357558167,-1.0,0.6858442820806236,0.5310413692631556,1.746448967924824,43.31103588411426,46.49789319733542,0.2841546270222533
Europe,Ukraine,None,2021-03-01,0.24936428473290145,0.2116284316463365,-6.360169525683509,0.19823368917681944,0.09802509939668742,0.029176963150695623,0.021536161932781475,0.87428660559346,1.0801493742511437,1.6520339555993717,8.777589986110401,30.99381045620868,0.08410427506731885
Asia,United Arab Emirates,None,2021-03-01,0.04631568884567251,0.15855273311536375,14.816347036008402,0.19594679475185,0.11713373982910298,0.0029492203861319344,1.2385074160300555,0.25178575933242264,0.2428932688785429,1.9415798376491133,45.52448509729334,48.6377966941554,0.3489790024050804
Europe,United Kingdom,None,2021-03-01,0.017918544510350666,0.49823802594069266,10.39956313751425,1.612992624567604,1.0,0.03569807269562909,1.275775774197663,0.5568590813670713,2.66440973589897,0.8795346326276998,53.452170463853996,13.664133757815362,0.014413023957489654
South America,Uruguay,None,2021-03-01,0.6084742905751416,0.15923874021154422,29.290518588484893,6.025910546185145,0.08683540636552743,0.012222697213470732,-0.8754087735498973,2.5593536678416062,4.8886002576455905,2.4632712855594505,67.90524851103044,175.59976316883484,0.04118602989950275
Asia,Uzbekistan,None,2021-03-01,0.1576791926105935,0.054043138244448924,4.311160243270398,0.5197530168953466,0.06618455917471841,0.003115502184136573,-0.39812272435084434,1.7311064816744657,2.532064765914388e-07,8.329807688138395,36.819798769213506,41.59554423445389,0.009645342494684572
South America,Venezuela,None,2021-03-01,0.2032030645801064,0.8860701928092987,-2.853069691620859,1.4009106370278555,0.09153691953262956,0.017151501127807806,0.08090620739905562,0.01673252356821585,0.34969053270831674,0.2001611664901036,74.4021429288244,179.79718111984235,0.05135026938834085
Asia,Vietnam,None,2021-03-01,0.9103441126308762,0.5437907071133594,2.999297611975915,0.36423667241172936,0.020000000000000004,0.0010000000000000009,1.005267928731277,0.5988068163393843,2.597519372392664,1.689917914128617,62.06231645910607,6.767029564266089,0.020638594049664588
Asia,Yemen,None,2021-03-01,0.24559477779742148,1.1153057187107434,-2.794523333090286,1.667889215744738,0.0758127564740073,0.3247760852612254,0.7487599644284779,1.511983935587223,1.314802225997617,0.2710944877959123,-31.47390344846995,30.37889082716776,0.1559901060030053
Africa,Zambia,None,2021-03-01,0.04466985282735536,0.19804014760569852,-7.839179082924726,0.21040247100465698,0.03465926403809509,0.0031560311589621665,3.174290035622888,0.036035204378858876,0.053235822675502545,0.5471975751773444,43.16789004799314,41.760823180247286,2.4689229118557323
Africa,Zimbabwe,None,2021-03-01,0.07783852810299055,0.7543276900511793,1.6032203620176582,4.733014552144954,0.026549809647940306,0.03772352719150597,0.3005183032925103,0.1194640528955302,0.0031981698966285915,1.2965347009847152,34.71082972116511,5.71873819243346,0.7284379003689367
